epitope	chains	nbrdist	roctype	auc
NLVPMVATV	A	5	others	0.971087509077705
NLVPMVATV	A	5	others_wtd	0.980165214233842
NLVPMVATV	A	5	random	0.984814814814815
NLVPMVATV	A	5	random_wtd	0.997777777777778
NLVPMVATV	A	10	others	0.892474582425563
NLVPMVATV	A	10	others_wtd	0.942855846042121
NLVPMVATV	A	10	random	0.890925925925926
NLVPMVATV	A	10	random_wtd	0.952222222222222
NLVPMVATV	A	25	others	0.798792665214234
NLVPMVATV	A	25	others_wtd	0.866557734204793
NLVPMVATV	A	25	random	0.788148148148148
NLVPMVATV	A	25	random_wtd	0.855740740740741
GILGFVFTL	A	5	others	0.9078125
GILGFVFTL	A	5	others_wtd	0.945132211538461
GILGFVFTL	A	5	random	0.940692307692308
GILGFVFTL	A	5	random_wtd	0.974307692307692
GILGFVFTL	A	10	others	0.861177884615385
GILGFVFTL	A	10	others_wtd	0.900210336538462
GILGFVFTL	A	10	random	0.895307692307692
GILGFVFTL	A	10	random_wtd	0.931692307692308
GILGFVFTL	A	25	others	0.805018028846154
GILGFVFTL	A	25	others_wtd	0.845883413461539
GILGFVFTL	A	25	random	0.829692307692308
GILGFVFTL	A	25	random_wtd	0.872461538461539
GLCTLVAML	A	5	others	1
GLCTLVAML	A	5	others_wtd	1
GLCTLVAML	A	5	random	1
GLCTLVAML	A	5	random_wtd	1
GLCTLVAML	A	10	others	1
GLCTLVAML	A	10	others_wtd	1
GLCTLVAML	A	10	random	1
GLCTLVAML	A	10	random_wtd	1
GLCTLVAML	A	25	others	1
GLCTLVAML	A	25	others_wtd	1
GLCTLVAML	A	25	random	1
GLCTLVAML	A	25	random_wtd	1
PKYVKQNTLKLAT	A	5	others	0.934303977272727
PKYVKQNTLKLAT	A	5	others_wtd	0.990490845959596
PKYVKQNTLKLAT	A	5	random	0.982272727272727
PKYVKQNTLKLAT	A	5	random_wtd	0.999393939393939
PKYVKQNTLKLAT	A	10	others	0.849905303030303
PKYVKQNTLKLAT	A	10	others_wtd	0.933988320707071
PKYVKQNTLKLAT	A	10	random	0.909242424242424
PKYVKQNTLKLAT	A	10	random_wtd	0.972878787878788
PKYVKQNTLKLAT	A	25	others	0.763020833333333
PKYVKQNTLKLAT	A	25	others_wtd	0.836766098484849
PKYVKQNTLKLAT	A	25	random	0.748636363636364
PKYVKQNTLKLAT	A	25	random_wtd	0.852121212121212
