epitope	chains	nbrdist	roctype	auc
LLLGIGILV	A	5	random	0.882339832869081
LLLGIGILV	A	5	random_wtd	0.908077994428969
LLLGIGILV	A	10	random	0.857771587743733
LLLGIGILV	A	10	random_wtd	0.877883008356546
LLLGIGILV	A	25	random	0.825320334261838
LLLGIGILV	A	25	random_wtd	0.843342618384401
