epitope	chains	nbrdist	roctype	auc
ELAGIGILTV	B	5	others	0.890825825825826
ELAGIGILTV	B	5	others_wtd	0.957477477477477
ELAGIGILTV	B	5	random	0.855765765765766
ELAGIGILTV	B	5	random_wtd	0.938288288288288
ELAGIGILTV	B	10	others	0.799519519519519
ELAGIGILTV	B	10	others_wtd	0.868978978978979
ELAGIGILTV	B	10	random	0.742702702702703
ELAGIGILTV	B	10	random_wtd	0.828288288288288
ELAGIGILTV	B	25	others	0.696261261261261
ELAGIGILTV	B	25	others_wtd	0.760345345345345
ELAGIGILTV	B	25	random	0.646036036036036
ELAGIGILTV	B	25	random_wtd	0.705585585585586
LLWNGPMAV	B	5	others	0.958344312692139
LLWNGPMAV	B	5	others_wtd	0.990469916556873
LLWNGPMAV	B	5	random	0.936212121212121
LLWNGPMAV	B	5	random_wtd	0.985454545454545
LLWNGPMAV	B	10	others	0.876899429073342
LLWNGPMAV	B	10	others_wtd	0.946288976723759
LLWNGPMAV	B	10	random	0.836969696969697
LLWNGPMAV	B	10	random_wtd	0.921969696969697
LLWNGPMAV	B	25	others	0.744246815985946
LLWNGPMAV	B	25	others_wtd	0.822683355292051
LLWNGPMAV	B	25	random	0.68030303030303
LLWNGPMAV	B	25	random_wtd	0.768787878787879
LLLGIGILV	B	5	others	0.752390265102129
LLLGIGILV	B	5	others_wtd	0.82840793857743
LLLGIGILV	B	5	random	0.708162393162393
LLLGIGILV	B	5	random_wtd	0.791666666666667
LLLGIGILV	B	10	others	0.688154908493891
LLLGIGILV	B	10	others_wtd	0.74104254189
LLLGIGILV	B	10	random	0.641153846153846
LLLGIGILV	B	10	random_wtd	0.696068376068376
LLLGIGILV	B	25	others	0.62481288328746
LLLGIGILV	B	25	others_wtd	0.662417306485103
LLLGIGILV	B	25	random	0.577948717948718
LLLGIGILV	B	25	random_wtd	0.616752136752137
