epitope	chains	nbrdist	roctype	auc
GLCTLVAML	AB	5	others	0.99867042707494
GLCTLVAML	AB	5	others_wtd	0.999959709911362
GLCTLVAML	AB	5	random	1
GLCTLVAML	AB	5	random_wtd	1
GLCTLVAML	AB	10	others	0.987167606768735
GLCTLVAML	AB	10	others_wtd	0.997441579371475
GLCTLVAML	AB	10	random	0.993411764705882
GLCTLVAML	AB	10	random_wtd	0.999058823529412
GLCTLVAML	AB	25	others	0.955278001611604
GLCTLVAML	AB	25	others_wtd	0.978807413376309
GLCTLVAML	AB	25	random	0.963411764705882
GLCTLVAML	AB	25	random_wtd	0.981176470588235
GILGFVFTL	AB	5	others	0.946211495338133
GILGFVFTL	AB	5	others_wtd	0.976071049215154
GILGFVFTL	AB	5	random	0.967467248908297
GILGFVFTL	AB	5	random_wtd	0.988646288209607
GILGFVFTL	AB	10	others	0.913873480467367
GILGFVFTL	AB	10	others_wtd	0.943585506904284
GILGFVFTL	AB	10	random	0.940873362445415
GILGFVFTL	AB	10	random_wtd	0.965152838427948
GILGFVFTL	AB	25	others	0.880915850348165
GILGFVFTL	AB	25	others_wtd	0.901510680986664
GILGFVFTL	AB	25	random	0.907205240174673
GILGFVFTL	AB	25	random_wtd	0.928122270742358
NLVPMVATV	AB	5	others	0.993731675260338
NLVPMVATV	AB	5	others_wtd	0.994338287331918
NLVPMVATV	AB	5	random	1
NLVPMVATV	AB	5	random_wtd	1
NLVPMVATV	AB	10	others	0.976645435244161
NLVPMVATV	AB	10	others_wtd	0.993023961176827
NLVPMVATV	AB	10	random	0.992380952380952
NLVPMVATV	AB	10	random_wtd	1
NLVPMVATV	AB	25	others	0.868870690526741
NLVPMVATV	AB	25	others_wtd	0.951875442321302
NLVPMVATV	AB	25	random	0.933968253968254
NLVPMVATV	AB	25	random_wtd	0.978730158730159
