epitope	chains	nbrdist	roctype	auc
GLCTLVAML	B	5	others	0.977981466559226
GLCTLVAML	B	5	others_wtd	0.996112006446414
GLCTLVAML	B	5	random	0.974823529411765
GLCTLVAML	B	5	random_wtd	0.991529411764706
GLCTLVAML	B	10	others	0.947683319903304
GLCTLVAML	B	10	others_wtd	0.976712328767123
GLCTLVAML	B	10	random	0.944823529411765
GLCTLVAML	B	10	random_wtd	0.967294117647059
GLCTLVAML	B	25	others	0.896897663174859
GLCTLVAML	B	25	others_wtd	0.930701047542305
GLCTLVAML	B	25	random	0.901176470588235
GLCTLVAML	B	25	random_wtd	0.933058823529412
GILGFVFTL	B	5	others	0.923890593650419
GILGFVFTL	B	5	others_wtd	0.949486604508439
GILGFVFTL	B	5	random	0.910917030567686
GILGFVFTL	B	5	random_wtd	0.945414847161572
GILGFVFTL	B	10	others	0.903443290452024
GILGFVFTL	B	10	others_wtd	0.921294110704591
GILGFVFTL	B	10	random	0.884585152838428
GILGFVFTL	B	10	random_wtd	0.907816593886463
GILGFVFTL	B	25	others	0.89295408946064
GILGFVFTL	B	25	others_wtd	0.899622329753334
GILGFVFTL	B	25	random	0.862489082969432
GILGFVFTL	B	25	random_wtd	0.874847161572052
NLVPMVATV	B	5	others	0.987438075017693
NLVPMVATV	B	5	others_wtd	0.994110807805075
NLVPMVATV	B	5	random	0.984761904761905
NLVPMVATV	B	5	random_wtd	0.999523809523809
NLVPMVATV	B	10	others	0.930264887271257
NLVPMVATV	B	10	others_wtd	0.984683045192599
NLVPMVATV	B	10	random	0.936666666666667
NLVPMVATV	B	10	random_wtd	0.982698412698413
NLVPMVATV	B	25	others	0.776817308664442
NLVPMVATV	B	25	others_wtd	0.862829845313922
NLVPMVATV	B	25	random	0.814920634920635
NLVPMVATV	B	25	random_wtd	0.897142857142857
