epitope	chains	nbrdist	roctype	auc
GLCTLVAML	A	5	others	0.991398066075745
GLCTLVAML	A	5	others_wtd	0.997179693795326
GLCTLVAML	A	5	random	0.989647058823529
GLCTLVAML	A	5	random_wtd	0.997647058823529
GLCTLVAML	A	10	others	0.972119258662369
GLCTLVAML	A	10	others_wtd	0.987852538275584
GLCTLVAML	A	10	random	0.967647058823529
GLCTLVAML	A	10	random_wtd	0.987529411764706
GLCTLVAML	A	25	others	0.930459307010475
GLCTLVAML	A	25	others_wtd	0.959186140209508
GLCTLVAML	A	25	random	0.907764705882353
GLCTLVAML	A	25	random_wtd	0.946352941176471
GILGFVFTL	A	5	others	0.877729257641921
GILGFVFTL	A	5	others_wtd	0.914684881387938
GILGFVFTL	A	5	random	0.909082969432314
GILGFVFTL	A	5	random_wtd	0.939912663755458
GILGFVFTL	A	10	others	0.826492977693851
GILGFVFTL	A	10	others_wtd	0.869084149651835
GILGFVFTL	A	10	random	0.87292576419214
GILGFVFTL	A	10	random_wtd	0.905633187772926
GILGFVFTL	A	25	others	0.738832172784138
GILGFVFTL	A	25	others_wtd	0.793874660686888
GILGFVFTL	A	25	random	0.812532751091703
GILGFVFTL	A	25	random_wtd	0.856768558951965
NLVPMVATV	A	5	others	0.958219593569912
NLVPMVATV	A	5	others_wtd	0.991911839045597
NLVPMVATV	A	5	random	0.984444444444444
NLVPMVATV	A	5	random_wtd	0.99968253968254
NLVPMVATV	A	10	others	0.879713881306238
NLVPMVATV	A	10	others_wtd	0.946845617227783
NLVPMVATV	A	10	random	0.914444444444444
NLVPMVATV	A	10	random_wtd	0.973968253968254
NLVPMVATV	A	25	others	0.775957941563037
NLVPMVATV	A	25	others_wtd	0.849863512283894
NLVPMVATV	A	25	random	0.805238095238095
NLVPMVATV	A	25	random_wtd	0.886349206349206
